Title,Company,Experience,Location
Data Analyst (English Required),Peroptyx,0-5 Yrs,Remote
Data Analyst - B,Capgemini,2-5 Yrs,Pune
Data Analyst - B,Capgemini,2-5 Yrs,Chennai
Data Analyst Course,Eduluk,0-3 Yrs,New Delhi
Data Analyst - B,Capgemini,2-5 Yrs,Pune
Data Analyst,Karmanx,0-1 Yrs,Bengaluru
"Data Analyst, Structured Data Services APAC",Areteir,0-1 Yrs,Hyderabad
"Data Analyst, Structured Data Services APAC",Arete Technology,0-1 Yrs,Hyderabad
Data Analyst,Kotak Life Insurance,1-3 Yrs,"Mumbai Suburban, Goregaon"
Data Analyst,NCR Corporation,2-5 Yrs,Hybrid - Gurugram
Data Analyst,HBL ENGINEERING LIMITED,0-1 Yrs,Hyderabad
Data Analyst - Legal,Avantor,5-10 Yrs,Pune
Data Analyst,NCR Corporation,2-4 Yrs,Gurugram
Data Analyst - Tariff Ops,Arcadia,0-3 Yrs,Chennai
Data Analyst - Tariff Ops,Arcadia,0-3 Yrs,Chennai
Online Data Analyst in India (Kannada speakers),TELUS Digital,0-1 Yrs,Remote
ESG Data Analyst: ESG Newsroom,ISS Corporate Solutions,0-3 Yrs,Mumbai
Data Analyst,Digital Solution Tech,1-4 Yrs,Faridabad
Data Analyst,Bayone Solutions,0-3 Yrs,Bengaluru
Python Data Analyst,Persistent,7-11 Yrs,Bengaluru
